<?xml version="1.0" encoding="utf-8" standalone="yes"?>
<addon id="plugin.program.dokukanal.buildsync" version="1.0.21" name="Doku-Kanal (Build and Sync)" provider-name="Doku-Kanal">
	<requires>
		<import addon="xbmc.python" version="3.0.0"/>
		<import addon="xbmc.addon" version="21.0.0"/>
		<import addon="plugin.video.xstream" version="1.0.0"/>
		<import addon="script.module.inputstreamhelper" version="0.8.0"/>
	</requires>
	<extension point="xbmc.python.pluginsource" library="addon.py">
		<provides>executable</provides>
	</extension>
	<extension point="xbmc.service" library="service.py" start="startup"/>
	<extension point="xbmc.python.script" library="run_wizard.py"/>
	<extension point="xbmc.addon.metadata">
		<summary lang="en_gb">
  Sync favourites and addon_data via FTP, SFTP or SMB. Built-in static favourite folders (no Super Favourites). Wizard, backup, image rotation.
        </summary>
		<summary lang="de_de">
  Favoriten und addon_data per FTP, SFTP oder SMB synchronisieren. Integrierte statische Favoritenordner (ohne Super Favourites). Assistent, Backup, Bildrotation.
        </summary>
		<description lang="en_gb">
  Sync your Kodi favourites and addon_data across devices using FTP, SFTP or SMB. Static favourite folders (e.g. Anime, Horror) are built in – no Super Favourites addon required. Run actions (test connection, sync favourites, backup, restore, AutoClean, etc.) from Program Add-ons → Doku-Kanal (Build and Sync); use Settings only for configuration. First-run wizard, optional addon_data sync as ZIP, background image rotation (URL list, local folder, network path or Picsum). Requires Kodi 21 (Omega) or newer.
</description>
		<description lang="de_de">
  Favoriten und addon_data zwischen Geräten per FTP, SFTP oder SMB synchronisieren. Statische Favoritenordner (z. B. Anime, Horror) sind integriert – kein Super Favourites nötig. Aktionen (Verbindung testen, Favoriten sichern, Backup, Wiederherstellen, AutoClean usw.) über Programme → Doku-Kanal (Build and Sync) ausführen; Einstellungen nur zur Konfiguration. Ersteinrichtungs-Assistent, optional addon_data als ZIP, Bildrotation (URL-Liste, lokaler Ordner, Netzwerkpfad oder Picsum). Erfordert Kodi 21 (Omega) oder neuer.
</description>
		<language addon="resource.language.en_gb" />
		<language addon="resource.language.de_de" />
		<platform>all</platform>
		<news>[CR]1.0.0 – Erstes Release: Sync (FTP/SFTP/SMB), Profile, Assistent, Backup, Bildrotation, Auto-Clean.[CR]
		</news>
		<assets>
			<icon>resources/images/icon.png</icon>
		</assets>
	</extension>
</addon>
