<?xml version="1.0" encoding="UTF-8"?>
<window id="21100">
    <defaultcontrol always="true">5</defaultcontrol>
    <controls>
        <control type="image">
            <left>0</left>
            <top>0</top>
            <width>1920</width>
            <height>1080</height>
            <texture>common/black.png</texture>
            <colordiffuse>EE000000</colordiffuse>
        </control>
        <control type="group">
            <centerleft>50%</centerleft>
            <centertop>50%</centertop>
            <width>1080</width>
            <height>900</height>
            <control type="image">
                <left>0</left>
                <top>0</top>
                <right>0</right>
                <bottom>0</bottom>
                <texture border="16" colordiffuse="FFFFFFFF">common/rounded-shadow8.png</texture>
            </control>
            <control type="label" id="1">
                <description>Title</description>
                <left>50</left>
                <posy>25</posy>
                <width>970</width>
                <height>45</height>
                <font>font13</font>
                <textcolor>FF404040</textcolor>
                <label/>
            </control>
            <control type="textbox" id="2">
                <description>Info text</description>
                <left>50</left>
                <top>95</top>
                <width>700</width>
                <height>750</height>
                <font>font13</font>
                <textcolor>FF404040</textcolor>
                <align>left</align>
            </control>
            <control type="scrollbar" id="8">
                <left>755</left>
                <top>95</top>
                <width>8</width>
                <height>750</height>
                <onleft>2</onleft>
                <onright>2</onright>
                <orientation>vertical</orientation>
                <texturesliderbackground colordiffuse="4DFFFFFF">common/white.png</texturesliderbackground>
                <texturesliderbar colordiffuse="FFFFFFFF">common/white.png</texturesliderbar>
            </control>
            <control type="button" id="5">
                <description>Action button (or Button 1 bei 3-Button-Modus)</description>
                <right>50</right>
                <top>200</top>
                <width>300</width>
                <height>66</height>
                <onup>7</onup>
                <ondown>6</ondown>
                <onleft>2</onleft>
                <align>center</align>
                <font>font13</font>
                <textcolor>FF404040</textcolor>
                <focusedcolor>FFFFFFFF</focusedcolor>
                <textoffsetx>20</textoffsetx>
                <aligny>center</aligny>
                <label/>
                <texturefocus colordiffuse="33FFFFFF" border="5">common/box.png</texturefocus>
                <texturenofocus colordiffuse="1AFFFFFF" border="5">common/box.png</texturenofocus>
            </control>
            <control type="button" id="6">
                <description>Action button 2 (nur bei 3-Button-Modus sichtbar)</description>
                <right>50</right>
                <top>276</top>
                <width>300</width>
                <height>66</height>
                <onup>5</onup>
                <ondown>7</ondown>
                <onleft>2</onleft>
                <align>center</align>
                <font>font13</font>
                <textcolor>FF404040</textcolor>
                <focusedcolor>FFFFFFFF</focusedcolor>
                <textoffsetx>20</textoffsetx>
                <aligny>center</aligny>
                <label/>
                <texturefocus colordiffuse="33FFFFFF" border="5">common/box.png</texturefocus>
                <texturenofocus colordiffuse="1AFFFFFF" border="5">common/box.png</texturenofocus>
            </control>
            <control type="button" id="7">
                <description>Cancel button</description>
                <right>50</right>
                <top>352</top>
                <width>300</width>
                <height>66</height>
                <onup>6</onup>
                <ondown>5</ondown>
                <onleft>2</onleft>
                <align>center</align>
                <font>font13</font>
                <textcolor>FF404040</textcolor>
                <focusedcolor>FFFFFFFF</focusedcolor>
                <textoffsetx>20</textoffsetx>
                <aligny>center</aligny>
                <label/>
                <texturefocus colordiffuse="33FFFFFF" border="5">common/box.png</texturefocus>
                <texturenofocus colordiffuse="1AFFFFFF" border="5">common/box.png</texturenofocus>
            </control>
        </control>
    </controls>
</window>
