<?xml version="1.0" encoding="UTF-8" standalone="yes"?>
<addon id="repository.dokukanal" name="Doku-Kanal Repository" version="1.0.4" provider-name="Doku-Kanal">
	<extension point="xbmc.addon.repository" name="Doku-Kanal Repository">
		<dir minversion="21.0.0">
			<info compressed="false">https://cdn.jsdelivr.net/gh/benjarogit/dk-backup-sync@main/dist/addons.xml</info>
			<checksum>https://cdn.jsdelivr.net/gh/benjarogit/dk-backup-sync@main/dist/addons.xml.md5</checksum>
			<datadir zip="true">https://cdn.jsdelivr.net/gh/benjarogit/dk-backup-sync@main/dist/</datadir>
			<hashes>false</hashes>
		</dir>
	</extension>
	<extension point="xbmc.addon.metadata">
		<summary lang="en_gb">Repository for Auto FTP Sync and related add-ons</summary>
		<summary lang="de_de">Repository für Auto FTP Sync und weitere Add-ons</summary>
		<description lang="en_gb">Provides the Auto FTP Sync plugin, Arctic Zephyr Doku-Kanal skin and related add-ons. Install this repository once, then install or update add-ons from Add-ons → Install from repository → Doku-Kanal Repository. Requires Kodi 21 (Omega) or newer.</description>
		<description lang="de_de">Stellt das Addon Auto FTP Sync, den Skin Arctic Zephyr Doku-Kanal und weitere Add-ons bereit. Repository einmal installieren, danach Add-ons unter Add-ons → Aus Repository installieren → Doku-Kanal Repository installieren oder aktualisieren. Erfordert Kodi 21 (Omega) oder neuer.</description>
		<platform>all</platform>
		<assets>
			<icon>icon.png</icon>
		</assets>
	</extension>
</addon>
