<?xml version="1.0" encoding="UTF-8"?>
<!-- Foundation -->
<window id="147">
    <defaultcontrol>61</defaultcontrol>
    <controls>
        <include>GlobalOverlay</include>
        <control type="group">
            <posx>260</posx>
            <posy>100</posy>
            <width>1400</width>
            <height>880</height>
            <include>DefDialogInfoPanel</include>
            <control type="label" id="1">
                <description>header label</description>
                <left>30</left>
                <right>30</right>
                <posy>48</posy>
                <font>MediumBold</font>
                <textcolor>Black70</textcolor>
                <height>45</height>
            </control>
            <control type="textbox" id="5">
                <description>textarea</description>
                <left>60</left>
                <right>90</right>
                <posy>108</posy>
                <height>730</height>
                <align>justify</align>
            </control>
            <control type="scrollbar" id="61">
                <right>30</right>
                <posy>108</posy>
                <width>8</width>
                <height>730</height>
                <onleft>Close</onleft>
                <onright>Close</onright>
                <ondown>61</ondown>
                <onup>61</onup>
                <texturesliderbackground colordiffuse="Black12">common/white.png</texturesliderbackground>
                <texturesliderbar colordiffuse="$VAR[ColorHighlight]">common/white.png</texturesliderbar>
            </control>
            <control type="button" id="62">
                <description>Anleitungen: kein Button gewuenscht – nur per Back schliessen</description>
                <visible>false</visible>
                <left>650</left>
                <width>200</width>
                <posy>900</posy>
                <height>44</height>
                <label>222</label>
                <onclick>Close</onclick>
                <onup>61</onup>
            </control>
        </control>
    </controls>
</window>
