<?xml version="1.0" encoding="UTF-8"?>
<window id="21100">
    <defaultcontrol always="true">5</defaultcontrol>
    <controls>
        <control type="image">
            <left>0</left>
            <top>0</top>
            <width>1920</width>
            <height>1080</height>
            <texture>common/black.png</texture>
            <colordiffuse>EE000000</colordiffuse>
        </control>
        <control type="group">
            <left>80</left>
            <top>80</top>
            <right>80</right>
            <bottom>80</bottom>
            <control type="image">
                <left>0</left>
                <top>0</top>
                <right>0</right>
                <bottom>0</bottom>
                <texture>common/white.png</texture>
                <colordiffuse>F2181820</colordiffuse>
            </control>
            <control type="label" id="1">
                <description>Title</description>
                <left>50</left>
                <top>30</top>
                <width>900</width>
                <height>45</height>
                <font>font13</font>
                <textcolor>FFFFFFFF</textcolor>
                <label/>
            </control>
            <control type="textbox" id="2">
                <description>Info text</description>
                <left>50</left>
                <top>90</top>
                <width>900</width>
                <height>850</height>
                <font>font13</font>
                <textcolor>FFFFFFFF</textcolor>
                <align>left</align>
            </control>
            <control type="scrollbar" id="8">
                <left>955</left>
                <top>90</top>
                <width>8</width>
                <height>850</height>
                <onleft>2</onleft>
                <onright>2</onright>
                <orientation>vertical</orientation>
                <texturesliderbackground colordiffuse="4DFFFFFF">common/white.png</texturesliderbackground>
                <texturesliderbar colordiffuse="FFFFFFFF">common/white.png</texturesliderbar>
            </control>
            <control type="button" id="5">
                <description>Action button</description>
                <right>50</right>
                <top>200</top>
                <width>320</width>
                <height>55</height>
                <font>font13</font>
                <textcolor>FFFFFFFF</textcolor>
                <focusedcolor>FFFFFFFF</focusedcolor>
                <textoffsetx>20</textoffsetx>
                <aligny>center</aligny>
                <label/>
                <texturefocus border="2">common/white.png</texturefocus>
                <texturenofocus border="2">common/white.png</texturenofocus>
                <colordiffuse>40FFFFFF</colordiffuse>
            </control>
            <control type="button" id="7">
                <description>Cancel button</description>
                <right>50</right>
                <top>270</top>
                <width>320</width>
                <height>55</height>
                <font>font13</font>
                <textcolor>FFFFFFFF</textcolor>
                <focusedcolor>FFFFFFFF</focusedcolor>
                <textoffsetx>20</textoffsetx>
                <aligny>center</aligny>
                <label/>
                <texturefocus border="2">common/white.png</texturefocus>
                <texturenofocus border="2">common/white.png</texturenofocus>
                <colordiffuse>40FFFFFF</colordiffuse>
            </control>
        </control>
    </controls>
</window>
